"cruise","sample_id","type","stn_start_time_utc","station_id","sample_depth_m","start_lat","start_long","station_depth_m","nu_of_dic_ta_samples","nu_of_ch4_n2o_samples","nu_of_13c_dic_samples","pH","note","...20","...21","...22","...23","...24","...25","...26","...27","...28","...29","...30","...31","...32","month.y","day.y","year.y","temperature_deg_c","salinity_psu","conductivity_ms_cm","pressure_db","timestamp_utc"
"JB22","CMO-B-1","Rosette",15:15:00,"CMO-B","169",61.775,84.321,179,1,0,0,NA,NA,NA,NA,NA,NA,NA,NA,NA,NA,NA,NA,NA,NA,NA,7,25,2022,169.756,168.063,-0.9004,26.747085,"2022/7/25T15:24:05"
"JB22","CMO-B-2","Rosette",15:15:00,"CMO-B","98",61.775,84.321,179,1,0,0,NA,NA,NA,NA,NA,NA,NA,NA,NA,NA,NA,NA,NA,NA,NA,7,25,2022,101.294,100.3,-0.9908,26.499649,"2022/7/25T15:28:26"
"JB22","CMO-B-3","Rosette",15:15:00,"CMO-B","60",61.775,84.321,179,1,0,0,NA,NA,NA,NA,NA,NA,NA,NA,NA,NA,NA,NA,NA,NA,NA,7,25,2022,61.974,61.372,-1.2762,25.894304,"2022/7/25T15:31:19"
"JB22","CMO-B-4","Rosette",15:15:00,"CMO-B","52",61.775,84.321,179,1,0,0,NA,"Chl a max",NA,NA,NA,NA,NA,NA,NA,NA,NA,NA,NA,NA,NA,7,25,2022,49.801,49.319,-1.1788,25.597666,"2022/7/25T15:33:12"
"JB22","CMO-B-5","Rosette",15:15:00,"CMO-B","40",61.775,84.321,179,1,0,0,NA,NA,NA,NA,NA,NA,NA,NA,NA,NA,NA,NA,NA,NA,NA,7,25,2022,44.703,44.271,-0.9415,25.515717,"2022/7/25T15:34:55"
"JB22","CMO-B-6","Rosette",15:15:00,"CMO-B","29",61.775,84.321,179,1,0,0,NA,NA,NA,NA,NA,NA,NA,NA,NA,NA,NA,NA,NA,NA,NA,7,25,2022,30.067,29.777,1.9395,26.732953,"2022/7/25T15:37:00"
"JB22","CMO-B-7","Rosette",16:44:00,"CMO-B","23",61.989,84.288,180,1,0,0,NA,NA,NA,NA,NA,NA,NA,NA,NA,NA,NA,NA,NA,NA,NA,7,25,2022,24.417,24.182,2.8506,27.245811,"2022/7/25T17:00:03"
"JB22","CMO-B-8","Rosette",16:44:00,"CMO-B","10",61.989,84.288,180,1,0,0,NA,NA,NA,NA,NA,NA,NA,NA,NA,NA,NA,NA,NA,NA,NA,7,25,2022,12.294,12.176,9.6824,32.286076,"2022/7/25T17:02:12"
"JB22","CMO-B-9","Rosette",16:44:00,"CMO-B","surf",61.989,84.288,180,1,0,0,NA,NA,NA,NA,NA,NA,NA,NA,NA,NA,NA,NA,NA,NA,NA,7,25,2022,1.844,1.827,9.7903,32.351776,"2022/7/25T17:04:44"
"JB22","CMO-A-1","Rosette",12:06:00,"CMO-A","89",59.983,92.062,100,1,0,0,NA,NA,NA,NA,NA,NA,NA,NA,NA,NA,NA,NA,NA,NA,NA,7,27,2022,92.486,91.593,-1.5151,26.076912,"2022/7/27T12:11:18"
"JB22","CMO-A-2","Rosette",12:06:00,"CMO-A","60",59.983,92.062,100,1,0,0,NA,NA,NA,NA,NA,NA,NA,NA,NA,NA,NA,NA,NA,NA,NA,7,27,2022,61.55,60.961,-1.5873,25.906412,"2022/7/27T12:13:56"
"JB22","CMO-A-3","Rosette",12:06:00,"CMO-A","40",59.983,92.062,100,1,0,0,NA,NA,NA,NA,NA,NA,NA,NA,NA,NA,NA,NA,NA,NA,NA,7,27,2022,41.465,41.07,-1.5959,25.81486,"2022/7/27T12:16:10"
"JB22","CMO-A-4","Rosette",12:06:00,"CMO-A","27",59.983,92.062,100,1,0,0,NA,NA,NA,NA,NA,NA,NA,NA,NA,NA,NA,NA,NA,NA,NA,7,27,2022,28.659,28.387,-1.4675,25.765663,"2022/7/27T12:18:14"
"JB22","CMO-A-5","Rosette",12:06:00,"CMO-A","20",59.983,92.062,100,1,0,0,NA,NA,NA,NA,NA,NA,NA,NA,NA,NA,NA,NA,NA,NA,NA,7,27,2022,21.346,21.144,-1.013,25.892453,"2022/7/27T12:20:06"
"JB22","CMO-A-6","Rosette",12:06:00,"CMO-A","16",59.983,92.062,100,1,0,0,NA,NA,NA,NA,NA,NA,NA,NA,NA,NA,NA,NA,NA,NA,NA,7,27,2022,17.725,17.557,-0.1817,25.969052,"2022/7/27T12:21:47"
"JB22","CMO-A-7","Rosette",13:21:00,"CMO-A","10",60.116,92.114,105,1,0,0,NA,NA,NA,NA,NA,NA,NA,NA,NA,NA,NA,NA,NA,NA,NA,7,27,2022,11.087,10.982,-0.4669,24.845343,"2022/7/27T13:29:46"
"JB22","CMO-A-8","Rosette",13:21:00,"CMO-A","surf",60.116,92.114,105,1,0,0,NA,NA,NA,NA,NA,NA,NA,NA,NA,NA,NA,NA,NA,NA,NA,7,27,2022,2.001,1.982,6.9299,28.268973,"2022/7/27T13:31:35"
"JB22","WK22-1","Flow Through",17:00:00,"FT-01","2",59.859,91.333,140,1,1,1,7.81,NA,NA,NA,NA,NA,NA,NA,NA,NA,NA,NA,NA,NA,NA,NA,NA,NA,NA,NA,NA,NA,"2022/8/2TNA"
"JB22","WK22-2","Flow Through",21:10:00,"FT-02","2",59.732,90.529,138,1,1,1,7.88,NA,NA,NA,NA,NA,NA,NA,NA,NA,NA,NA,NA,NA,NA,NA,NA,NA,NA,NA,NA,NA,"2022/8/2TNA"
"JB22","WK22-3","Flow Through",13:12:00,"FT-03","2",58.7355,87.2423,184,1,1,1,7.77,NA,NA,NA,NA,NA,NA,NA,NA,NA,NA,NA,NA,NA,NA,NA,NA,NA,NA,NA,NA,NA,"2022/8/3TNA"
"JB22","WK22-4","Flow Through",17:10:00,"FT-04","2",58.573,86.63,173,1,1,1,7.93,NA,NA,NA,NA,NA,NA,NA,NA,NA,NA,NA,NA,NA,NA,NA,NA,NA,NA,NA,NA,NA,"2022/8/3TNA"
"JB22","WK22-5","Flow Through",21:00:00,"FT-05","2",58.406,85.819,61.5,1,1,1,7.94,NA,NA,NA,NA,NA,NA,NA,NA,NA,NA,NA,NA,NA,NA,NA,NA,NA,NA,NA,NA,NA,"2022/8/3TNA"
"JB22","WK22-6","Flow Through",13:00:00,"FT-06","2",57.1444,82.3841,109,1,1,1,7.72,NA,NA,NA,NA,NA,NA,NA,NA,NA,NA,NA,NA,NA,NA,NA,NA,NA,NA,NA,NA,NA,"2022/8/4TNA"
"JB22","WK22-7","Flow Through",16:00:00,"FT-07","2",56.907,81.755,134,1,1,1,7.84,NA,NA,NA,NA,NA,NA,NA,NA,NA,NA,NA,NA,NA,NA,NA,NA,NA,NA,NA,NA,NA,"2022/8/4TNA"
"JB22","WK22-8","Flow Through",19:00:00,"FT-08","2",56.6911,81.1903,154,1,1,1,7.8,NA,NA,NA,NA,NA,NA,NA,NA,NA,NA,NA,NA,NA,NA,NA,NA,NA,NA,NA,NA,NA,"2022/8/4TNA"
"JB22","WK22-9","Flow Through",22:00:00,"FT-09","2",56.5211,80.636,123,1,1,1,7.89,NA,NA,NA,NA,NA,NA,NA,NA,NA,NA,NA,NA,NA,NA,NA,NA,NA,NA,NA,NA,NA,"2022/8/4TNA"
"JB22","WK22-10","Rosette",12:52:00,"BI-01","surf",56.9808,79.6651,40.8,1,1,1,7.81,NA,NA,NA,NA,NA,NA,NA,NA,NA,NA,NA,NA,NA,NA,8,5,2022,1.771,1.754,1.9627,25.389839,"2022/8/5T12:52:55"
"JB22","WK22-11","Rosette",14:07:00,"BI-01","10",56.9808,79.6643,45,1,1,1,7.87,NA,NA,NA,NA,NA,NA,NA,NA,NA,NA,NA,NA,NA,NA,8,5,2022,10.835,10.736,1.9075,25.365649,"2022/8/5T14:07:19"
"JB22","WK22-12","Rosette",14:05:00,"BI-01","20",56.9808,79.6643,45,1,1,1,7.88,NA,NA,NA,NA,NA,NA,NA,NA,NA,NA,NA,NA,NA,NA,8,5,2022,21.042,20.848,1.7623,25.316466,"2022/8/5T14:05:30"
"JB22","WK22-13","Rosette",14:03:00,"BI-01","30",56.9808,79.6643,45,1,0,1,7.87,"CH4 bottle broke while crimping, a second bottle was filled from bottle 4 in cast 7",NA,NA,NA,NA,NA,NA,NA,NA,NA,NA,NA,NA,NA,8,5,2022,30.59,30.307,1.6494,25.317226,"2022/8/5T14:03:43"
"JB22","WK22-13 (ch4)","Rosette",16:50:00,"BI-01","30",56.9829,79.6681,43.6,0,1,1,NA,"Inlcuded so metadata for for cast 7 can be included",NA,NA,NA,NA,NA,NA,NA,NA,NA,NA,NA,NA,NA,8,5,2022,31.92,31.625,0.1989,24.997979,"2022/8/5T16:50:01"
"JB22","WK22-14","Rosette",14:01:00,"BI-01","40",56.9808,79.6643,45,1,1,1,7.87,NA,NA,NA,NA,NA,NA,NA,NA,NA,NA,NA,NA,NA,NA,8,5,2022,42.766,42.369,1.1606,25.325933,"2022/8/5T14:01:46"
"JB22","WK22-15","Zodiac",19:30:00,"BI-01-ZB","surf",57.0247,79.7058,13,1,1,1,7.83,"pH bottle not filled, pH was evaluated from remaining bulk water after salinity, 18O, and DOC were filled",NA,NA,NA,NA,NA,NA,NA,NA,NA,NA,NA,NA,NA,NA,NA,NA,NA,NA,NA,NA,"2022/8/5TNA"
"JB22","WK22-16","Zodiac",19:19:00,"BI-01-ZA","5.1",49.87,97.2573,5.1,1,1,1,7.82,"pH bottle not filled, pH was evaluated from remaining bulk water after salinity, 18O, and DOC were filled",NA,NA,NA,NA,NA,NA,NA,NA,NA,NA,NA,NA,NA,NA,NA,NA,NA,NA,NA,NA,"2022/8/5TNA"
"JB22","WK22-17","Zodiac",19:19:00,"BI-01-ZA","surf",49.87,97.2573,5.1,1,1,1,7.8,"pH bottle not filled, pH was evaluated from remaining bulk water after salinity, 18O, and DOC were filled",NA,NA,NA,NA,NA,NA,NA,NA,NA,NA,NA,NA,NA,NA,NA,NA,NA,NA,NA,NA,"2022/8/5TNA"
"JB22","WK22-18","Zodiac",19:30:00,"BI-01-ZB","13",57.0247,79.7058,13,1,1,1,7.78,"pH bottle not filled, pH was evaluated from remaining bulk water after salinity, 18O, and DOC were filled",NA,NA,NA,NA,NA,NA,NA,NA,NA,NA,NA,NA,NA,NA,NA,NA,NA,NA,NA,NA,"2022/8/5TNA"
"JB22","WK22-19","Zodiac",20:36:00,"BI-01-ZC","25",56.9699,79.6676,25,1,1,1,7.75,"pH bottle not filled, pH was evaluated from remaining bulk water after salinity, 18O, and DOC were filled",NA,NA,NA,NA,NA,NA,NA,NA,NA,NA,NA,NA,NA,NA,NA,NA,NA,NA,NA,NA,"2022/8/5TNA"
"JB22","WK22-20","Zodiac",20:36:00,"BI-01-ZC","surf",56.9699,79.6676,25,1,1,1,7.69,"pH bottle not filled, pH was evaluated from remaining bulk water after salinity, 18O, and DOC were filled",NA,NA,NA,NA,NA,NA,NA,NA,NA,NA,NA,NA,NA,NA,NA,NA,NA,NA,NA,NA,"2022/8/5TNA"
"JB22","WK22-21","Rosette",18:10:00,"BI-02","32",56.4462,78.59,43,1,1,1,7.77,NA,NA,NA,NA,NA,NA,NA,NA,NA,NA,NA,NA,NA,NA,8,6,2022,33.615,33.305,2.8266,26.204823,"2022/8/6T18:10:17"
"JB22","WK22-22","Rosette",18:20:00,"BI-02","surf",56.4462,78.59,43,1,1,1,7.78,NA,NA,NA,NA,NA,NA,NA,NA,NA,NA,NA,NA,NA,NA,NA,NA,NA,NA,NA,NA,NA,"2022/8/6TNA"
"JB22","WK22-23","Rosette",20:03:00,"BI-02","20",56.4465,78.5922,45.5,1,1,1,7.85,NA,NA,NA,NA,NA,NA,NA,NA,NA,NA,NA,NA,NA,NA,8,6,2022,21.738,21.539,3.3636,26.520632,"2022/8/6T20:03:09"
"JB22","WK22-24","Rosette",20:04:00,"BI-02","10",56.4465,78.5922,45.5,1,1,1,7.97,NA,NA,NA,NA,NA,NA,NA,NA,NA,NA,NA,NA,NA,NA,8,6,2022,11.104,11.002,3.8162,26.743253,"2022/8/6T20:04:57"
"JB22","WK22-25","Rosette",23:09:00,"BI-02-NS","surf",56.4379,78.6505,26,1,1,1,7.78,NA,NA,NA,NA,NA,NA,NA,NA,NA,NA,NA,NA,NA,NA,8,6,2022,1.198,1.187,3.7456,26.732209,"2022/8/6T23:09:47"
"JB22","WK22-26","Rosette",23:07:00,"BI-02-NS","25",56.4379,78.6505,26,1,1,1,7.81,NA,NA,NA,NA,NA,NA,NA,NA,NA,NA,NA,NA,NA,NA,8,6,2022,24.775,24.547,3.568,26.632783,"2022/8/6T23:07:36"
"JB22","WK22-27","Flow Through",13:00:00,"FT-10","2",55.4082,79.2859,136,1,1,1,7.87,NA,NA,NA,NA,NA,NA,NA,NA,NA,NA,NA,NA,NA,NA,NA,NA,NA,NA,NA,NA,NA,"2022/8/8TNA"
"JB22","WK22-28","Flow Through",16:00:00,"FT-11","2",55.1248,79.6234,94,1,1,1,7.88,NA,NA,NA,NA,NA,NA,NA,NA,NA,NA,NA,NA,NA,NA,NA,NA,NA,NA,NA,NA,NA,"2022/8/8TNA"
"JB22","WK22-29","Flow Through",19:00:00,"FT-12","2",54.8642,79.9023,121,1,1,1,7.93,NA,NA,NA,NA,NA,NA,NA,NA,NA,NA,NA,NA,NA,NA,NA,NA,NA,NA,NA,NA,NA,"2022/8/8TNA"
"JB22","WK22-30","Flow Through",22:00:00,"FT-13","2",54.5552,80.0892,72,1,1,1,7.85,NA,NA,NA,NA,NA,NA,NA,NA,NA,NA,NA,NA,NA,NA,NA,NA,NA,NA,NA,NA,NA,"2022/8/8TNA"
"JB22","WK22-31","Rosette",01:54:00,"Stn-3","surf",54.2963,80.0576,66.8,1,1,1,7.88,NA,NA,NA,NA,NA,NA,NA,NA,NA,NA,NA,NA,NA,NA,8,9,2022,2.26,2.24,7.0592,25.292804,"2022/8/9T01:54:27"
"JB22","WK22-32","Rosette",01:52:00,"Stn-3","10",54.2963,80.0576,66.8,1,1,1,7.9,NA,NA,NA,NA,NA,NA,NA,NA,NA,NA,NA,NA,NA,NA,8,9,2022,10.914,10.816,7.4727,25.745883,"2022/8/9T01:52:21"
"JB22","WK22-33","Rosette",01:50:00,"Stn-3","20",54.2963,80.0576,66.8,1,1,1,7.85,NA,NA,NA,NA,NA,NA,NA,NA,NA,NA,NA,NA,NA,NA,8,9,2022,21.141,20.951,4.9276,24.84138,"2022/8/9T01:50:38"
"JB22","WK22-34","Rosette",01:48:00,"Stn-3","30",54.2963,80.0576,66.8,1,1,1,7.81,NA,NA,NA,NA,NA,NA,NA,NA,NA,NA,NA,NA,NA,NA,8,9,2022,31.465,31.181,0.4112,24.329039,"2022/8/9T01:48:47"
"JB22","WK22-35","Rosette",01:46:00,"Stn-3","40",54.2963,80.0576,66.8,1,1,1,7.79,NA,NA,NA,NA,NA,NA,NA,NA,NA,NA,NA,NA,NA,NA,NA,NA,NA,NA,NA,NA,NA,"2022/8/9TNA"
"JB22","WK22-36","Rosette",01:44:00,"Stn-3","56",54.2963,80.0576,66.8,1,1,1,7.78,NA,NA,NA,NA,NA,NA,NA,NA,NA,NA,NA,NA,NA,NA,8,9,2022,57.13,56.611,-0.7028,24.595115,"2022/8/9T01:44:39"
"JB22","WK22-37","Flow Through",13:13:00,"FT-14","2",53.5848,80.5424,36.3,1,1,1,7.74,NA,NA,NA,NA,NA,NA,NA,NA,NA,NA,NA,NA,NA,NA,NA,NA,NA,NA,NA,NA,NA,"2022/8/9TNA"
"JB22","WK22-38","Rosette",15:46:00,"Stn-11","surf",53.429,80.4628,48.7,1,1,1,7.81,NA,NA,NA,NA,NA,NA,NA,NA,NA,NA,NA,NA,NA,NA,8,9,2022,1.746,1.73,7.8957,25.35278,"2022/8/9T15:46:06"
"JB22","WK22-39","Rosette",15:34:00,"Stn-11","39",53.429,80.4628,48.7,1,1,1,7.74,NA,NA,NA,NA,NA,NA,NA,NA,NA,NA,NA,NA,NA,NA,8,9,2022,40.292,39.93,1.3147,24.080391,"2022/8/9T15:34:27"
"JB22","WK22-40","Flow Through",19:05:00,"FT-15","2",53.2611,80.791,18.6,1,1,1,7.85,"Coordinates are incorrect; interpolated value will be added once calculated",NA,NA,NA,NA,NA,NA,NA,NA,NA,NA,NA,NA,NA,NA,NA,NA,NA,NA,NA,NA,"2022/8/9TNA"
"JB22","WK22-41","Rosette",09:37:00,"Stn-12","surf",53.0219,80.1937,53.6,1,1,1,7.83,NA,NA,NA,NA,NA,NA,NA,NA,NA,NA,NA,NA,NA,NA,8,10,2022,2.406,2.385,7.16,24.664142,"2022/8/10T09:37:07"
"JB22","WK22-42","Rosette",09:34:00,"Stn-12","10",53.0219,80.1937,53.6,1,1,1,7.83,NA,NA,NA,NA,NA,NA,NA,NA,NA,NA,NA,NA,NA,NA,8,10,2022,10.763,10.667,7.159,24.684942,"2022/8/10T09:34:49"
"JB22","WK22-43","Rosette",09:32:00,"Stn-12","20",53.0219,80.1937,53.6,1,1,1,7.83,NA,NA,NA,NA,NA,NA,NA,NA,NA,NA,NA,NA,NA,NA,8,10,2022,22.069,21.872,6.5522,24.722283,"2022/8/10T09:32:38"
"JB22","WK22-44","Rosette",09:30:00,"Stn-12","30",53.0219,80.1937,53.6,1,1,1,7.84,NA,NA,NA,NA,NA,NA,NA,NA,NA,NA,NA,NA,NA,NA,8,10,2022,30.675,30.401,5.5991,24.490348,"2022/8/10T09:30:41"
"JB22","WK22-45","Rosette",09:28:00,"Stn-12","40",53.0219,80.1937,53.6,1,1,1,7.8,NA,NA,NA,NA,NA,NA,NA,NA,NA,NA,NA,NA,NA,NA,8,10,2022,41.375,41.005,2.6833,24.187587,"2022/8/10T09:28:44"
"JB22","WK22-46","Rosette",21:00:00,"Stn-13","surf",53.0196,79.4052,63.3,1,1,1,7.72,NA,NA,NA,NA,NA,NA,NA,NA,NA,NA,NA,NA,NA,NA,8,10,2022,1.468,1.455,7.4419,24.477138,"2022/8/10T21:00:02"
"JB22","WK22-47","Rosette",22:26:00,"Stn-13","10",53.0084,79.4031,49.1,1,1,1,7.81,NA,NA,NA,NA,NA,NA,NA,NA,NA,NA,NA,NA,NA,NA,8,10,2022,11.536,11.434,7.209,24.576103,"2022/8/10T22:26:06"
"JB22","WK22-48","Rosette",22:23:00,"Stn-13","20",53.0084,79.4031,49.1,1,1,1,7.83,NA,NA,NA,NA,NA,NA,NA,NA,NA,NA,NA,NA,NA,NA,8,10,2022,20.572,20.389,6.9433,24.669725,"2022/8/10T22:23:52"
"JB22","WK22-49","Rosette",22:22:00,"Stn-13","30",53.0084,79.4031,49.1,1,1,1,7.84,NA,NA,NA,NA,NA,NA,NA,NA,NA,NA,NA,NA,NA,NA,8,10,2022,32.425,32.136,6.2493,24.692975,"2022/8/10T22:22:02"
"JB22","WK22-50","Rosette",22:19:00,"Stn-13","40",53.0084,79.4031,49.1,1,1,1,7.85,NA,NA,NA,NA,NA,NA,NA,NA,NA,NA,NA,NA,NA,NA,8,10,2022,41.092,40.724,6.1016,24.69869,"2022/8/10T22:19:55"
"JB22","WK22-51","Rosette",20:48:00,"Stn-13","50",53.0196,79.4052,63.3,1,1,1,7.83,NA,NA,NA,NA,NA,NA,NA,NA,NA,NA,NA,NA,NA,NA,8,10,2022,51.045,50.588,5.9752,24.773254,"2022/8/10T20:48:28"
"JB22","WK22-52","Rosette",19:13:00,"Stn-6","surf",52.2386,79.6936,62.3,1,1,1,7.83,NA,NA,NA,NA,NA,NA,NA,NA,NA,NA,NA,NA,NA,NA,8,12,2022,1.451,1.438,11.4041,24.572844,"2022/8/12T19:13:19"
"JB22","WK22-53","Zodiac",22:04:00,"Stn-13-Z2 (b)","surf",52.9963,78.8225,10,1,1,1,7.83,NA,NA,NA,NA,NA,NA,NA,NA,NA,NA,NA,NA,NA,NA,NA,NA,NA,NA,NA,NA,NA,"2022/8/11TNA"
"JB22","WK22-54","Flow Through",19:09:00,"FT-16","2",52.9509,78.9014,18,1,1,1,7.15,NA,NA,NA,NA,NA,NA,NA,NA,NA,NA,NA,NA,NA,NA,NA,NA,NA,NA,NA,NA,NA,"2022/8/11TNA"
"JB22","WK22-55","Rosette",20:54:00,"Stn-6","10",52.239,79.6936,61.9,1,1,1,7.9,NA,NA,NA,NA,NA,NA,NA,NA,NA,NA,NA,NA,NA,NA,8,12,2022,11.191,11.093,8.485,23.818958,"2022/8/12T20:54:35"
"JB22","WK22-56","Rosette",20:52:00,"Stn-6","20",52.239,79.6936,61.9,1,1,1,7.88,NA,NA,NA,NA,NA,NA,NA,NA,NA,NA,NA,NA,NA,NA,8,12,2022,21.091,20.905,6.8882,23.845868,"2022/8/12T20:52:42"
"JB22","WK22-57","Rosette",20:50:00,"Stn-6","30",52.239,79.6936,61.9,1,1,1,7.86,NA,NA,NA,NA,NA,NA,NA,NA,NA,NA,NA,NA,NA,NA,8,12,2022,31.267,30.99,5.3841,23.827566,"2022/8/12T20:50:40"
"JB22","WK22-58","Rosette",20:48:00,"Stn-6","40",52.239,79.6936,61.9,1,1,1,7.85,NA,NA,NA,NA,NA,NA,NA,NA,NA,NA,NA,NA,NA,NA,8,12,2022,41.34,40.973,3.7628,23.695435,"2022/8/12T20:48:52"
"JB22","WK22-59","Rosette",19:01:00,"Stn-6","50",52.2386,79.6936,62.3,1,1,1,7.82,NA,NA,NA,NA,NA,NA,NA,NA,NA,NA,NA,NA,NA,NA,8,12,2022,52.54,52.073,3.0689,24.204587,"2022/8/12T19:01:44"
"JB22","WK22-60","Zodiac",20:20:00,"Stn-6-ZA","8.9",52.2476,79.5343,8.9,1,1,1,7.93,NA,NA,NA,NA,NA,NA,NA,NA,NA,NA,NA,NA,NA,NA,NA,NA,NA,NA,NA,NA,NA,"2022/8/12TNA"
"JB22","WK22-61","Zodiac",20:45:00,"Stn-6-ZA","surf",52.2476,79.5343,8.9,1,1,1,7.96,NA,NA,NA,NA,NA,NA,NA,NA,NA,NA,NA,NA,NA,NA,NA,NA,NA,NA,NA,NA,NA,"2022/8/12TNA"
"JB22","WK22-62","Zodiac",21:30:00,"Stn-6-ZB","16.8",52.2532,79.5925,16.8,1,1,1,7.95,NA,NA,NA,NA,NA,NA,NA,NA,NA,NA,NA,NA,NA,NA,NA,NA,NA,NA,NA,NA,NA,"2022/8/12TNA"
"JB22","WK22-63","Zodiac",21:52:00,"Stn-6-ZB","surf",52.2532,79.5925,16.8,1,1,1,7.94,NA,NA,NA,NA,NA,NA,NA,NA,NA,NA,NA,NA,NA,NA,NA,NA,NA,NA,NA,NA,NA,"2022/8/12TNA"
"JB22","WK22-64","Zodiac",22:24:00,"Stn-6-ZC","23.6",52.255,79.5534,23.6,1,1,1,7.89,NA,NA,NA,NA,NA,NA,NA,NA,NA,NA,NA,NA,NA,NA,NA,NA,NA,NA,NA,NA,NA,"2022/8/12TNA"
"JB22","WK22-65","Zodiac",22:40:00,"Stn-6-ZC","surf",52.255,79.5534,23.6,1,1,1,7.92,NA,NA,NA,NA,NA,NA,NA,NA,NA,NA,NA,NA,NA,NA,NA,NA,NA,NA,NA,NA,NA,"2022/8/12TNA"
"JB22","WK22-66","Zodiac",11:27:00,"Stn-9-ZA","7.3",52.3162,79.0228,7.3,1,1,1,7.91,NA,NA,NA,NA,NA,NA,NA,NA,NA,NA,NA,NA,NA,NA,NA,NA,NA,NA,NA,NA,NA,"2022/8/13TNA"
"JB22","WK22-67","Zodiac",11:43:00,"Stn-9-ZA","surf",52.3162,79.0228,7.3,1,1,1,7.94,NA,NA,NA,NA,NA,NA,NA,NA,NA,NA,NA,NA,NA,NA,NA,NA,NA,NA,NA,NA,NA,"2022/8/13TNA"
"JB22","WK22-68","Zodiac",12:25:00,"Stn-9-ZB","17.1",52.3129,79.0235,17.1,1,1,1,7.91,NA,NA,NA,NA,NA,NA,NA,NA,NA,NA,NA,NA,NA,NA,NA,NA,NA,NA,NA,NA,NA,"2022/8/13TNA"
"JB22","WK22-69","Zodiac",12:45:00,"Stn-9-ZB","surf",52.3129,79.0235,17.1,1,1,1,7.93,NA,NA,NA,NA,NA,NA,NA,NA,NA,NA,NA,NA,NA,NA,NA,NA,NA,NA,NA,NA,NA,"2022/8/13TNA"
"JB22","WK22-70","Zodiac",13:16:00,"Stn-9-ZC","30",52.3129,79.0225,30,1,1,1,7.91,NA,NA,NA,NA,NA,NA,NA,NA,NA,NA,NA,NA,NA,NA,NA,NA,NA,NA,NA,NA,NA,"2022/8/13TNA"
"JB22","WK22-71","Zodiac",13:50:00,"Stn-9-ZC","surf",52.3129,79.0225,30,1,1,1,7.94,NA,NA,NA,NA,NA,NA,NA,NA,NA,NA,NA,NA,NA,NA,NA,NA,NA,NA,NA,NA,NA,"2022/8/13TNA"
"JB22","WK22-72","Rosette",11:30:00,"Stn-9","surf",52.3112,78.8957,38,1,1,1,7.81,NA,NA,NA,NA,NA,NA,NA,NA,NA,NA,NA,NA,NA,NA,8,13,2022,4.439,4.4,10.6005,23.125885,"2022/8/13T11:30:43"
"JB22","WK22-73","Rosette",11:22:00,"Stn-9","30",52.3112,78.8957,38,1,1,1,7.68,NA,NA,NA,NA,NA,NA,NA,NA,NA,NA,NA,NA,NA,NA,8,13,2022,32.117,31.833,8.3197,23.440334,"2022/8/13T11:22:02"
"JB22","WK22-74","Rosette",13:17:00,"Stn-9","10",52.2951,78.8912,31.8,1,1,1,7.81,NA,NA,NA,NA,NA,NA,NA,NA,NA,NA,NA,NA,NA,NA,8,13,2022,12.619,12.507,10.1016,23.126707,"2022/8/13T13:17:17"
"JB22","WK22-75","Rosette",13:14:00,"Stn-9","20",52.2951,78.8912,31.8,1,1,1,7.84,NA,NA,NA,NA,NA,NA,NA,NA,NA,NA,NA,NA,NA,NA,8,13,2022,21.334,21.146,10.0571,23.131806,"2022/8/13T13:14:35"
"JB22","WK22-76","Rosette",19:13:00,"Stn-14","surf",52.4282,79.4052,75.1,1,1,1,7.94,NA,NA,NA,NA,NA,NA,NA,NA,NA,NA,NA,NA,NA,NA,8,13,2022,1.382,1.37,9.4863,24.066316,"2022/8/13T19:13:07"
"JB22","WK22-77","Rosette",18:55:00,"Stn-14","69",52.4282,79.4052,75.1,1,1,1,7.83,NA,NA,NA,NA,NA,NA,NA,NA,NA,NA,NA,NA,NA,NA,8,13,2022,70.799,70.165,3.248,23.768343,"2022/8/13T18:55:44"
"JB22","WK22-78","Flow Through",17:00:00,"FT-17","2",51.472,80.2436,NA,1,1,1,7.82,"Station depth not recorded in log",NA,NA,NA,NA,NA,NA,NA,NA,NA,NA,NA,NA,NA,NA,NA,NA,NA,NA,NA,NA,"2022/8/15TNA"
"JB22","WK22-79","Zodiac",22:21:00,"MR-1","surf",51.3237,80.4634,5.7,1,1,1,8.01,NA,NA,NA,NA,NA,NA,NA,NA,NA,NA,NA,NA,NA,NA,NA,NA,NA,NA,NA,NA,NA,"2022/8/15TNA"
"JB22","WK22-80","Zodiac",00:16:00,"MR-2","surf",51.4044,80.3274,6,1,1,1,7.8,NA,NA,NA,NA,NA,NA,NA,NA,NA,NA,NA,NA,NA,NA,NA,NA,NA,NA,NA,NA,NA,"2022/8/16TNA"
"JB22","WK22-81","Flow Through",16:03:00,"FT-18","2",51.8525,80.0185,25,1,1,1,7.85,NA,NA,NA,NA,NA,NA,NA,NA,NA,NA,NA,NA,NA,NA,NA,NA,NA,NA,NA,NA,NA,"2022/8/16TNA"
"JB22","WK22-82","Flow Through",19:02:00,"FT-19","2",52.2082,79.7727,49.5,1,1,1,7.86,NA,NA,NA,NA,NA,NA,NA,NA,NA,NA,NA,NA,NA,NA,NA,NA,NA,NA,NA,NA,NA,"2022/8/16TNA"
"JB22","WK22-83","Flow Through",22:05:00,"FT-20","2",52.4522,79.4055,80.7,1,1,1,7.86,NA,NA,NA,NA,NA,NA,NA,NA,NA,NA,NA,NA,NA,NA,NA,NA,NA,NA,NA,NA,NA,"2022/8/16TNA"
"JB22","WK22-84","Flow Through",01:05:00,"FT-21","2",52.6046,79.4003,39.5,1,1,1,7.92,NA,NA,NA,NA,NA,NA,NA,NA,NA,NA,NA,NA,NA,NA,NA,NA,NA,NA,NA,NA,NA,"2022/8/17TNA"
"JB22","WK22-85","Zodiac",22:39:00,"Stn-13-ZD","surf",52.983,78.858,7.23,0,0,0,NA,"metadata from CTD-108; exact sample time not available. Sample water transferred from 2.74 L Nalgene into 500 mL Nalgene.",NA,NA,NA,NA,NA,NA,NA,NA,NA,NA,NA,NA,NA,NA,NA,NA,NA,NA,NA,NA,"2022/8/17TNA"
"JB22","WK22-86","Zodiac",20:31:00,"Stn-13-ZB","surf",52.9957,78.8442,28.1,0,0,0,NA,"metadata from CTD-106; exact sample time not available. Sample water transferred from 2.74 L Nalgene into 500 mL Nalgene.",NA,NA,NA,NA,NA,NA,NA,NA,NA,NA,NA,NA,NA,NA,NA,NA,NA,NA,NA,NA,"2022/8/17TNA"
"JB22","WK22-87","Zodiac",20:31:00,"Stn-13-ZB","1",52.9957,78.8442,28.1,0,0,0,NA,"metadata from CTD-106; exact sample time not available. Sample water transferred from 2.74 L Nalgene into 500 mL Nalgene.",NA,NA,NA,NA,NA,NA,NA,NA,NA,NA,NA,NA,NA,NA,NA,NA,NA,NA,NA,NA,"2022/8/17TNA"
"JB22","WK22-88","Zodiac",19:06:00,"Stn-13-ZA","surf",52.9963,78.8223,7.11,0,0,0,NA,"metadata from CTD-105; exact sample time not available. Sample water transferred from 2.74 L Nalgene into 500 mL Nalgene.",NA,NA,NA,NA,NA,NA,NA,NA,NA,NA,NA,NA,NA,NA,NA,NA,NA,NA,NA,NA,"2022/8/17TNA"
"JB22","WK22-89","Zodiac",21:06:00,"Stn-13-ZC","8",52.991,78.8561,9.1,0,0,0,NA,"metadata from CTD-107; exact sample time not available. Sample water transferred from 2.74 L Nalgene into 500 mL Nalgene.",NA,NA,NA,NA,NA,NA,NA,NA,NA,NA,NA,NA,NA,NA,NA,NA,NA,NA,NA,NA,"2022/8/17TNA"
"JB22","WK22-90","Zodiac",21:06:00,"Stn-13-ZC","surf",52.991,78.8561,9.1,0,0,0,NA,"metadata from CTD-107; exact sample time not available. Sample water transferred from 2.74 L Nalgene into 500 mL Nalgene.",NA,NA,NA,NA,NA,NA,NA,NA,NA,NA,NA,NA,NA,NA,NA,NA,NA,NA,NA,NA,"2022/8/17TNA"
"JB22","WK22-91","Zodiac",19:06:00,"Stn-13-ZA","2",52.9963,78.8223,7.11,0,0,0,NA,"metadata from CTD-105; exact sample time not available. Sample water transferred from 2.74 L Nalgene into 500 mL Nalgene.",NA,NA,NA,NA,NA,NA,NA,NA,NA,NA,NA,NA,NA,NA,NA,NA,NA,NA,NA,NA,"2022/8/17TNA"
"JB22","WK22-92","Flow Through",14:31:00,"Stn-17","2",53.8708,79.3425,34.2,1,1,1,7.85,NA,NA,NA,NA,NA,NA,NA,NA,NA,NA,NA,NA,NA,NA,NA,NA,NA,NA,NA,NA,NA,"2022/8/18TNA"
"JB22","WK22-93","Rosette",14:05:00,"Stn-17","30",53.8708,79.3425,34.2,1,1,1,7.81,NA,NA,NA,NA,NA,NA,NA,NA,NA,NA,NA,NA,NA,NA,8,18,2022,31.759,31.474,5.5971,24.487179,"2022/8/18T14:05:00"
"JB22","WK22-94","Rosette",14:07:00,"Stn-17","20",53.8708,79.3425,34.2,1,1,1,7.83,NA,NA,NA,NA,NA,NA,NA,NA,NA,NA,NA,NA,NA,NA,8,18,2022,21.483,21.291,6.996,24.463813,"2022/8/18T14:07:31"
"JB22","WK22-95","Rosette",14:11:00,"Stn-17","10",53.8708,79.3425,34.2,1,0,1,7.85,"CH4 sample cracked and was lost",NA,NA,NA,NA,NA,NA,NA,NA,NA,NA,NA,NA,NA,8,18,2022,11.01,10.912,8.1486,24.296379,"2022/8/18T14:11:10"
"JB22","WK22-96","Flow Through",19:09:00,"FT-24","2",53.9941,79.6956,45.8,1,1,1,8.05,NA,NA,NA,NA,NA,NA,NA,NA,NA,NA,NA,NA,NA,NA,NA,NA,NA,NA,NA,NA,NA,"2022/8/18TNA"
"JB22","WK22-97","Flow Through",22:09:00,"FT-25","2",54.2952,79.8732,59.3,1,1,1,8.05,NA,NA,NA,NA,NA,NA,NA,NA,NA,NA,NA,NA,NA,NA,NA,NA,NA,NA,NA,NA,NA,"2022/8/18TNA"
"JB22","WK22-98","Rosette",04:45:00,"Stn-10","10",53.8139,80.7107,21,1,1,1,7.85,NA,NA,NA,NA,NA,NA,NA,NA,NA,NA,NA,NA,NA,NA,8,19,2022,11.226,11.125,7.7141,23.577258,"2022/8/19T04:45:46"
"JB22","WK22-99","Rosette",04:48:00,"Stn-10","surf",53.8139,80.7107,21,1,1,1,7.92,NA,NA,NA,NA,NA,NA,NA,NA,NA,NA,NA,NA,NA,NA,8,19,2022,1.663,1.648,10.7314,28.027405,"2022/8/19T04:48:22"
"JB22","WK22-100","Rosette",18:22:00,"Stn-2","50",54.2744,81.4761,62.1,1,1,1,7.76,NA,NA,NA,NA,NA,NA,NA,NA,NA,NA,NA,NA,NA,NA,8,19,2022,56.369,55.857,-1.3613,24.61585,"2022/8/19T18:22:32"
"JB22","WK22-101","Rosette",18:26:00,"Stn-2","40",54.2744,81.4761,62.1,1,1,1,7.81,NA,NA,NA,NA,NA,NA,NA,NA,NA,NA,NA,NA,NA,NA,8,19,2022,41.443,41.068,-1.3599,24.607979,"2022/8/19T18:26:07"
"JB22","WK22-102","Rosette",20:10:00,"Stn-2","30",54.276,81.4759,61.7,1,1,1,7.82,NA,NA,NA,NA,NA,NA,NA,NA,NA,NA,NA,NA,NA,NA,8,19,2022,31.222,30.94,-1.1549,23.846092,"2022/8/19T20:10:50"
"JB22","WK22-103","Rosette",20:13:00,"Stn-2","20",54.276,81.4759,61.7,1,1,1,7.89,NA,NA,NA,NA,NA,NA,NA,NA,NA,NA,NA,NA,NA,NA,8,19,2022,21.192,21.001,2.8133,22.422908,"2022/8/19T20:13:26"
"JB22","WK22-104","Rosette",20:16:00,"Stn-2","10",54.276,81.4759,61.7,1,1,1,7.93,NA,NA,NA,NA,NA,NA,NA,NA,NA,NA,NA,NA,NA,NA,8,19,2022,11.05,10.951,6.0706,23.28115,"2022/8/19T20:16:12"
"JB22","WK22-105","Rosette",20:18:00,"Stn-2","surf",54.276,81.4759,61.7,1,1,1,7.95,NA,NA,NA,NA,NA,NA,NA,NA,NA,NA,NA,NA,NA,NA,8,19,2022,1.456,1.443,7.2184,22.327515,"2022/8/19T20:18:29"
"JB22","WK22-106","Rosette",11:57:00,"Stn-18","90",54.6864,80.1864,100,1,1,1,7.67,NA,NA,NA,NA,NA,NA,NA,NA,NA,NA,NA,NA,NA,NA,8,20,2022,92.643,91.789,-1.4967,25.307786,"2022/8/20T11:57:54"
"JB22","WK22-107","Rosette",12:01:00,"Stn-18","40",54.6864,80.1864,100,1,1,1,7.72,NA,NA,NA,NA,NA,NA,NA,NA,NA,NA,NA,NA,NA,NA,8,20,2022,41.911,41.53,-1.2453,24.53525,"2022/8/20T12:01:21"
"JB22","WK22-108","Rosette",13:18:00,"Stn-18","30",54.6867,80.1886,102,1,0,1,7.77,"CH4 sample cracked and was lost",NA,NA,NA,NA,NA,NA,NA,NA,NA,NA,NA,NA,NA,8,20,2022,31.206,30.923,-0.67,24.212691,"2022/8/20T13:18:09"
"JB22","WK22-109","Rosette",13:20:00,"Stn-18","20",54.6867,80.1886,102,1,1,1,7.8,NA,NA,NA,NA,NA,NA,NA,NA,NA,NA,NA,NA,NA,NA,8,20,2022,21.054,20.864,1.1526,24.32116,"2022/8/20T13:20:28"
"JB22","WK22-110","Rosette",13:22:00,"Stn-18","12",54.6867,80.1886,102,1,1,1,7.89,NA,NA,NA,NA,NA,NA,NA,NA,NA,NA,NA,NA,NA,NA,8,20,2022,12.688,12.573,6.3801,25.640875,"2022/8/20T13:22:34"
"JB22","WK22-111","Rosette",13:24:00,"Stn-18","surf",54.6867,80.1886,102,1,1,1,7.93,NA,NA,NA,NA,NA,NA,NA,NA,NA,NA,NA,NA,NA,NA,8,20,2022,1.718,1.703,10.4127,27.206942,"2022/8/20T13:24:47"
"JB22","WK22-112","Flow Through",18:54:00,"CTD-171","2",54.8711,79.7114,114,0,0,0,NA,"Taken just before FT-26",NA,NA,NA,NA,NA,NA,NA,NA,NA,NA,NA,NA,NA,NA,NA,NA,NA,NA,NA,NA,"2022/8/20TNA"
"JB22","WK22-113","Flow Through",22:23:00,"FT-27","2",54.9699,79.2505,114,0,0,0,NA,NA,NA,NA,NA,NA,NA,NA,NA,NA,NA,NA,NA,NA,NA,NA,NA,NA,NA,NA,NA,NA,"2022/8/20TNA"
"JB22","WK22-114","Flow Through",01:02:00,"FT-28","2",55.1734,79.2512,127,0,0,0,NA,NA,NA,NA,NA,NA,NA,NA,NA,NA,NA,NA,NA,NA,NA,NA,NA,NA,NA,NA,NA,NA,"2022/8/21TNA"
"JB22","WK22-115","Rosette",11:54:00,"BI-03","90",55.6226,79.0263,99,1,1,1,7.63,NA,NA,NA,NA,NA,NA,NA,NA,NA,NA,NA,NA,NA,NA,8,21,2022,92.331,91.473,-1.4156,25.068852,"2022/8/21T11:54:35"
"JB22","WK22-116","Rosette",11:57:00,"BI-03","40",55.6226,79.0263,99,1,1,1,7.68,NA,NA,NA,NA,NA,NA,NA,NA,NA,NA,NA,NA,NA,NA,8,21,2022,41.229,40.851,-1.0256,24.168208,"2022/8/21T11:57:33"
"JB22","WK22-117","Rosette",13:36:00,"BI-03","30",55.628,79.027,114,1,1,1,7.76,NA,NA,NA,NA,NA,NA,NA,NA,NA,NA,NA,NA,NA,NA,8,21,2022,31.841,31.55,-0.8822,23.621226,"2022/8/21T13:36:31"
"JB22","WK22-118","Rosette",13:38:00,"BI-03","20",55.628,79.027,114,1,1,1,7.83,NA,NA,NA,NA,NA,NA,NA,NA,NA,NA,NA,NA,NA,NA,8,21,2022,21.011,20.82,1.2418,24.44713,"2022/8/21T13:38:23"
"JB22","WK22-119","Rosette",13:41:00,"BI-03","10",55.628,79.027,114,1,1,1,7.88,NA,NA,NA,NA,NA,NA,NA,NA,NA,NA,NA,NA,NA,NA,8,21,2022,11.323,11.221,6.5451,26.190779,"2022/8/21T13:40:59"
"JB22","WK22-120","Rosette",13:43:00,"BI-03","surf",55.628,79.027,114,1,1,1,7.94,NA,NA,NA,NA,NA,NA,NA,NA,NA,NA,NA,NA,NA,NA,8,21,2022,1.525,1.511,11.4542,28.36211,"2022/8/21T13:43:03"
"JB22","WK22-121","Rosette",22:47:00,"BI-04","25",55.7906,79.4547,34.6,1,1,1,7.86,NA,NA,NA,NA,NA,NA,NA,NA,NA,NA,NA,NA,NA,NA,8,21,2022,26.145,25.906,2.2874,25.56867,"2022/8/21T22:47:44"
"JB22","WK22-122","Rosette",22:50:00,"BI-04","16",55.7906,79.4547,34.6,1,1,1,7.9,NA,NA,NA,NA,NA,NA,NA,NA,NA,NA,NA,NA,NA,NA,8,21,2022,17.687,17.525,3.0735,25.85788,"2022/8/21T22:50:05"
"JB22","WK22-123","Rosette",22:52:00,"BI-04","surf",55.7906,79.4547,34.6,1,1,1,7.95,NA,NA,NA,NA,NA,NA,NA,NA,NA,NA,NA,NA,NA,NA,8,21,2022,2.612,2.588,7.2861,28.384854,"2022/8/21T22:52:39"
"JB22","WK22-124","Zodiac",13:20:00,"BI-05-ZA","5.5",55.8937,79.8116,6.5,1,0,1,7.85,"CH4 sample cracked and was lost",NA,NA,NA,NA,NA,NA,NA,NA,NA,NA,NA,NA,NA,NA,NA,NA,NA,NA,NA,NA,"2022/8/22TNA"
"JB22","WK22-125","Zodiac",13:00:00,"BI-05-ZA","surf",55.8937,79.8116,6.5,1,1,1,7.88,NA,NA,NA,NA,NA,NA,NA,NA,NA,NA,NA,NA,NA,NA,NA,NA,NA,NA,NA,NA,NA,"2022/8/22TNA"
"JB22","WK22-126","Rosette",13:10:00,"BI-05","57",55.8937,79.7781,73.7,1,1,1,7.82,NA,NA,NA,NA,NA,NA,NA,NA,NA,NA,NA,NA,NA,NA,8,22,2022,58.699,58.158,0.7253,24.831604,"2022/8/22T13:10:26"
"JB22","WK22-127","Rosette",13:12:00,"BI-05","40",55.8937,79.7781,73.7,1,1,1,7.87,NA,NA,NA,NA,NA,NA,NA,NA,NA,NA,NA,NA,NA,NA,8,22,2022,41.686,41.303,2.7715,25.955201,"2022/8/22T13:12:40"
"JB22","WK22-128","Flow Through",14:57:00,"BI-05","2",55.8937,79.7781,73.7,1,1,1,7.97,NA,NA,NA,NA,NA,NA,NA,NA,NA,NA,NA,NA,NA,NA,NA,NA,NA,NA,NA,NA,NA,"2022/8/22TNA"
"JB22","WK22-129","Flow Through",00:01:00,"FT-31","2",55.8937,80.3049,112,1,1,1,7.98,NA,NA,NA,NA,NA,NA,NA,NA,NA,NA,NA,NA,NA,NA,NA,NA,NA,NA,NA,NA,NA,"2022/8/23TNA"
"JB22","WK22-130","Flow Through",16:39:00,"FT-32","2",55.8937,79.5175,21.8,1,1,1,7.9,NA,NA,NA,NA,NA,NA,NA,NA,NA,NA,NA,NA,NA,NA,NA,NA,NA,NA,NA,NA,NA,"2022/8/23TNA"
"JB22","WK22-131","Flow Through",NA,"FT-32","2",55.8937,NA,NA,0,0,0,NA,"Kuzyk duplicate for WK22-130",NA,NA,NA,NA,NA,NA,NA,NA,NA,NA,NA,NA,NA,NA,NA,NA,NA,NA,NA,NA,"2022/8/23TNA"
"JB22","WK22-132","Flow Through",00:55:00,"FT-33","2",55.8937,79.637,26.1,1,1,1,7.97,NA,NA,NA,NA,NA,NA,NA,NA,NA,NA,NA,NA,NA,NA,NA,NA,NA,NA,NA,NA,NA,"2022/8/24TNA"
"JB22","WK22-136","Flow Through",NA,"FT-33","2",55.8937,NA,NA,0,0,0,NA,"Kuzyk duplicate for WK22-132",NA,NA,NA,NA,NA,NA,NA,NA,NA,NA,NA,NA,NA,NA,NA,NA,NA,NA,NA,NA,"2022/8/24TNA"
